<?xml version="1.0" encoding="utf-8"?>
<uexplugins>
    <plugin uexName="uexAudio" version="4.2.0" build="20">
        <build>20:修复多次播放后，mediaplay因内存不足异常的问题</build>
        <build>19:新增录音权限拒绝监听回调,添加英文资源包,修复报无权限的问题</build>
        <build>18:增加停止正在播放音频后的回调函数</build>
        <build>17:修改startBackgroundRecord方法,在子线程中进行录音</build>
        <build>16:将seekTo的prepare改为prepareAsync</build>
        <build>15:添加seekTo的回调方法</build>
        <build>14:添加seekTo、getCurrentPosition、getPlayerState</build>
        <build>13:修改stopBackgroundRecord阻塞主线程</build>
        <build>12:修改onPlayFinished 次数从1开始</build>
        <build>11:修复play参数传-1不循环播放的问题</build>
        <build>10:4.0</build>
        <build>9:修复听筒感应功能在部分手机上无法还原正常模式的问题</build>
        <build>8:添加传感器设置接口,可设置听筒感应</build>
        <build>7:解决了录音时用户禁止其权限的问题</build>
        <build>6:添加听筒模式接口,修复小米手机音量设置无效的问题</build>
        <build>5:修复uexAudio.record方法不支持录音文件存储为.mp3格式的问题</build>
        <build>4:修复多次点击播放音效不能关闭的问题</build>
        <build>3:修复录音文件名不正确</build>
        <build>2:修复录制失败问题</build>
        <build>1:背景录音添加录音格式MP3</build>
        <build>0:音乐播放插件</build>
    </plugin>
</uexplugins>